query,database,run1,run2,run3,run4,run5,mean,std
Q1,PostgreSQL,0.2747,0.1935,0.1836,0.1803,0.1774,0.2019,0.0411
Q1,MongoDB,1.3307,0.8922,0.8885,0.8802,0.8777,0.9739,0.1996
Q1,Memgraph,2.5059,1.7605,1.7704,1.7417,1.7473,1.9052,0.3360
Q2,PostgreSQL,1.7935,0.7511,0.7156,0.7079,0.7213,0.9379,0.4786
Q2,MongoDB,1.6813,1.3823,1.5190,1.3825,1.3977,1.4725,0.1300
Q2,Memgraph,1.5415,0.9763,0.9988,0.9429,0.8787,1.0677,0.2688
Q3,PostgreSQL,0.0213,0.0018,0.0026,0.0020,0.0016,0.0059,0.0087
Q3,MongoDB,17.2554,17.0792,17.1760,17.0829,16.8019,17.0791,0.1712
Q3,Memgraph,0.4493,0.1084,0.1000,0.1028,0.1059,0.1733,0.1543
